Name,Event_count,name,Events_URL
0chain,1,0chain,https://coinmarketcal.com/coin/0chain
0x,2,0x,https://coinmarketcal.com/coin/0x
ALIS,1,ALIS,https://coinmarketcal.com/coin/ALIS
ALQO,2,ALQO,https://coinmarketcal.com/coin/ALQO
Accelerator Network,2,Accelerator Network,https://coinmarketcal.com/coin/Accelerator-Network
Achain,1,Achain,https://coinmarketcal.com/coin/Achain
Action,2,Action,https://coinmarketcal.com/coin/Action
AdCoin,1,AdCoin,https://coinmarketcal.com/coin/AdCoin
AdEx,1,AdEx,https://coinmarketcal.com/coin/AdEx
Aegeus,5,Aegeus,https://coinmarketcal.com/coin/Aegeus
AidCoin,1,AidCoin,https://coinmarketcal.com/coin/AidCoin
Aigang,5,Aigang,https://coinmarketcal.com/coin/Aigang
Aion,5,Aion,https://coinmarketcal.com/coin/Aion
All Sports,1,All Sports,https://coinmarketcal.com/coin/All-Sports
Alphacat,1,Alphacat,https://coinmarketcal.com/coin/Alphacat
Ambrosus,2,Ambrosus,https://coinmarketcal.com/coin/Ambrosus
Apex,7,Apex,https://coinmarketcal.com/coin/Apex
AppCoins,1,AppCoins,https://coinmarketcal.com/coin/AppCoins
Arcblock,1,Arcblock,https://coinmarketcal.com/coin/Arcblock
Ardor,2,Ardor,https://coinmarketcal.com/coin/Ardor
Ark,1,Ark,https://coinmarketcal.com/coin/Ark
B3Coin,1,B3Coin,https://coinmarketcal.com/coin/B3Coin
BABB,3,BABB,https://coinmarketcal.com/coin/BABB
Banca,1,Banca,https://coinmarketcal.com/coin/Banca
Bankera,3,Bankera,https://coinmarketcal.com/coin/Bankera
Banyan Network,2,Banyan Network,https://coinmarketcal.com/coin/Banyan-Network
Bastonet,2,Bastonet,https://coinmarketcal.com/coin/Bastonet
Bezant,7,Bezant,https://coinmarketcal.com/coin/Bezant
Binance Coin,1,Binance Coin,https://coinmarketcal.com/coin/Binance-Coin
BitBay,3,BitBay,https://coinmarketcal.com/coin/BitBay
BitClave,1,BitClave,https://coinmarketcal.com/coin/BitClave
BitDegree,1,BitDegree,https://coinmarketcal.com/coin/BitDegree
BitShares,2,BitShares,https://coinmarketcal.com/coin/BitShares
BitStation,1,BitStation,https://coinmarketcal.com/coin/BitStation
BitTube,2,BitTube,https://coinmarketcal.com/coin/BitTube
BitWhite,3,BitWhite,https://coinmarketcal.com/coin/BitWhite
Bitcoin,8,Bitcoin,https://coinmarketcal.com/coin/Bitcoin
Bitcoin Diamond,1,Bitcoin Diamond,https://coinmarketcal.com/coin/Bitcoin-Diamond
Bitcoin Private,2,Bitcoin Private,https://coinmarketcal.com/coin/Bitcoin-Private
Bitcoin White,3,Bitcoin White,https://coinmarketcal.com/coin/Bitcoin-White
Block Array,3,Block Array,https://coinmarketcal.com/coin/Block-Array
Blockport,3,Blockport,https://coinmarketcal.com/coin/Blockport
Bluzelle,2,Bluzelle,https://coinmarketcal.com/coin/Bluzelle
BridgeCoin,4,BridgeCoin,https://coinmarketcal.com/coin/BridgeCoin
Bytecoin,2,Bytecoin,https://coinmarketcal.com/coin/Bytecoin
CPChain,2,CPChain,https://coinmarketcal.com/coin/CPChain
Callisto Network,1,Callisto Network,https://coinmarketcal.com/coin/Callisto-Network
CampusCoin,3,CampusCoin,https://coinmarketcal.com/coin/CampusCoin
CanYaCoin,1,CanYaCoin,https://coinmarketcal.com/coin/CanYaCoin
Cappasity,2,Cappasity,https://coinmarketcal.com/coin/Cappasity
Cardano,5,Cardano,https://coinmarketcal.com/coin/Cardano
Cashaa,2,Cashaa,https://coinmarketcal.com/coin/Cashaa
Chainium,1,Chainium,https://coinmarketcal.com/coin/Chainium
Chronologic,2,Chronologic,https://coinmarketcal.com/coin/Chronologic
ClearPoll,1,ClearPoll,https://coinmarketcal.com/coin/ClearPoll
CloakCoin,1,CloakCoin,https://coinmarketcal.com/coin/CloakCoin
CoinFi,2,CoinFi,https://coinmarketcal.com/coin/CoinFi
ColossusCoinXT,4,ColossusCoinXT,https://coinmarketcal.com/coin/ColossusCoinXT
Constellation,1,Constellation,https://coinmarketcal.com/coin/Constellation
Covesting,1,Covesting,https://coinmarketcal.com/coin/Covesting
Creativecoin,1,Creativecoin,https://coinmarketcal.com/coin/Creativecoin
Crown,3,Crown,https://coinmarketcal.com/coin/Crown
CyberMiles,1,CyberMiles,https://coinmarketcal.com/coin/CyberMiles
DATA,3,DATA,https://coinmarketcal.com/coin/DATA
DECENT,1,DECENT,https://coinmarketcal.com/coin/DECENT
DEN-X,1,DEN-X,https://coinmarketcal.com/coin/DEN-X
Dash,1,Dash,https://coinmarketcal.com/coin/Dash
Databits,2,Databits,https://coinmarketcal.com/coin/Databits
Debitum,2,Debitum,https://coinmarketcal.com/coin/Debitum
Decentraland,2,Decentraland,https://coinmarketcal.com/coin/Decentraland
DeepBrain Chain,2,DeepBrain Chain,https://coinmarketcal.com/coin/DeepBrain-Chain
Dent,2,Dent,https://coinmarketcal.com/coin/Dent
Dentacoin,2,Dentacoin,https://coinmarketcal.com/coin/Dentacoin
Desire,1,Desire,https://coinmarketcal.com/coin/Desire
Devery,1,Devery,https://coinmarketcal.com/coin/Devery
DocCoin,1,DocCoin,https://coinmarketcal.com/coin/DocCoin
Docademic,1,Docademic,https://coinmarketcal.com/coin/Docademic
Dogecoin,2,Dogecoin,https://coinmarketcal.com/coin/Dogecoin
DomRaider,1,DomRaider,https://coinmarketcal.com/coin/DomRaider
Dragonchain,4,Dragonchain,https://coinmarketcal.com/coin/Dragonchain
Dynamic Trading Rights,2,Dynamic Trading Rights,https://coinmarketcal.com/coin/Dynamic-Trading-Rights
EDUCare,2,EDUCare,https://coinmarketcal.com/coin/EDUCare
ELTCOIN,1,ELTCOIN,https://coinmarketcal.com/coin/ELTCOIN
EOS,1,EOS,https://coinmarketcal.com/coin/EOS
ETHLend,2,ETHLend,https://coinmarketcal.com/coin/ETHLend
EUNO,1,EUNO,https://coinmarketcal.com/coin/EUNO
EXRNchain,3,EXRNchain,https://coinmarketcal.com/coin/EXRNchain
EagleCoin,2,EagleCoin,https://coinmarketcal.com/coin/EagleCoin
Eidoo,2,Eidoo,https://coinmarketcal.com/coin/Eidoo
Einsteinium,1,Einsteinium,https://coinmarketcal.com/coin/Einsteinium
Elastos,5,Elastos,https://coinmarketcal.com/coin/Elastos
Electra,4,Electra,https://coinmarketcal.com/coin/Electra
Electroneum,2,Electroneum,https://coinmarketcal.com/coin/Electroneum
Elite,1,Elite,https://coinmarketcal.com/coin/Elite
Elixir,2,Elixir,https://coinmarketcal.com/coin/Elixir
Ellaism,1,Ellaism,https://coinmarketcal.com/coin/Ellaism
Emercoin,1,Emercoin,https://coinmarketcal.com/coin/Emercoin
Emphy,1,Emphy,https://coinmarketcal.com/coin/Emphy
Enigma,3,Enigma,https://coinmarketcal.com/coin/Enigma
Enjin Coin,2,Enjin Coin,https://coinmarketcal.com/coin/Enjin-Coin
Envion,1,Envion,https://coinmarketcal.com/coin/Envion
Espers,1,Espers,https://coinmarketcal.com/coin/Espers
Ethbits,2,Ethbits,https://coinmarketcal.com/coin/Ethbits
Ethereum,4,Ethereum,https://coinmarketcal.com/coin/Ethereum
Ethereum Classic,5,Ethereum Classic,https://coinmarketcal.com/coin/Ethereum-Classic
Etherparty,2,Etherparty,https://coinmarketcal.com/coin/Etherparty
Everus,5,Everus,https://coinmarketcal.com/coin/Everus
Eximchain,2,Eximchain,https://coinmarketcal.com/coin/Eximchain
Factom,1,Factom,https://coinmarketcal.com/coin/Factom
Feathercoin,1,Feathercoin,https://coinmarketcal.com/coin/Feathercoin
Feirm,2,Feirm,https://coinmarketcal.com/coin/Feirm
FidentiaX,2,FidentiaX,https://coinmarketcal.com/coin/FidentiaX
Fortuna,1,Fortuna,https://coinmarketcal.com/coin/Fortuna
FunFair,1,FunFair,https://coinmarketcal.com/coin/FunFair
FuzeX,1,FuzeX,https://coinmarketcal.com/coin/FuzeX
Game.com,1,Game.com,https://coinmarketcal.com/coin/Game.com
Gatcoin,1,Gatcoin,https://coinmarketcal.com/coin/Gatcoin
General Event,48,General Event,https://coinmarketcal.com/coin/General-Event
Genesis Vision,8,Genesis Vision,https://coinmarketcal.com/coin/Genesis-Vision
GlassCoin,2,GlassCoin,https://coinmarketcal.com/coin/GlassCoin
GoalBonanza,2,GoalBonanza,https://coinmarketcal.com/coin/GoalBonanza
Grid+,1,Grid+,https://coinmarketcal.com/coin/Grid+
HOQU,1,HOQU,https://coinmarketcal.com/coin/HOQU
Hawala.Today,1,Hawala.Today,https://coinmarketcal.com/coin/Hawala.Today
Helbiz,1,Helbiz,https://coinmarketcal.com/coin/Helbiz
Helios Token,2,Helios Token,https://coinmarketcal.com/coin/Helios-Token
HempCoin,1,HempCoin,https://coinmarketcal.com/coin/HempCoin
HeroNode,2,HeroNode,https://coinmarketcal.com/coin/HeroNode
Hexx,3,Hexx,https://coinmarketcal.com/coin/Hexx
High Performance Blockchain,3,High Performance Blockchain,https://coinmarketcal.com/coin/High-Performance-Blockchain
HireMatch,1,HireMatch,https://coinmarketcal.com/coin/HireMatch
HitCoin,1,HitCoin,https://coinmarketcal.com/coin/HitCoin
Hive,1,Hive,https://coinmarketcal.com/coin/Hive
Hive Project,1,Hive Project,https://coinmarketcal.com/coin/Hive-Project
Holo,3,Holo,https://coinmarketcal.com/coin/Holo
Honey,1,Honey,https://coinmarketcal.com/coin/Honey
Humaniq,1,Humaniq,https://coinmarketcal.com/coin/Humaniq
Hydro,2,Hydro,https://coinmarketcal.com/coin/Hydro
ICON,1,ICON,https://coinmarketcal.com/coin/ICON
INS Ecosystem,2,INS Ecosystem,https://coinmarketcal.com/coin/INS-Ecosystem
IOST,7,IOST,https://coinmarketcal.com/coin/IOST
IOTA,1,IOTA,https://coinmarketcal.com/coin/IOTA
Ignis,2,Ignis,https://coinmarketcal.com/coin/Ignis
InPay,1,InPay,https://coinmarketcal.com/coin/InPay
Innova,2,Innova,https://coinmarketcal.com/coin/Innova
IntenseCoin,1,IntenseCoin,https://coinmarketcal.com/coin/IntenseCoin
Internxt,1,Internxt,https://coinmarketcal.com/coin/Internxt
InvestFeed,1,InvestFeed,https://coinmarketcal.com/coin/InvestFeed
IoTeX,2,IoTeX,https://coinmarketcal.com/coin/IoTeX
Iungo,5,Iungo,https://coinmarketcal.com/coin/Iungo
Ivy,1,Ivy,https://coinmarketcal.com/coin/Ivy
Komodo,2,Komodo,https://coinmarketcal.com/coin/Komodo
KuCoin Shares,2,KuCoin Shares,https://coinmarketcal.com/coin/KuCoin-Shares
LALA World,3,LALA World,https://coinmarketcal.com/coin/LALA-World
LUXCoin,1,LUXCoin,https://coinmarketcal.com/coin/LUXCoin
Lamden,1,Lamden,https://coinmarketcal.com/coin/Lamden
Lampix,1,Lampix,https://coinmarketcal.com/coin/Lampix
Lendingblock,1,Lendingblock,https://coinmarketcal.com/coin/Lendingblock
Level Up Coin,3,Level Up Coin,https://coinmarketcal.com/coin/Level-Up-Coin
Linda,1,Linda,https://coinmarketcal.com/coin/Linda
Lisk,1,Lisk,https://coinmarketcal.com/coin/Lisk
Litecoin,2,Litecoin,https://coinmarketcal.com/coin/Litecoin
Live Stars,2,Live Stars,https://coinmarketcal.com/coin/Live-Stars
LockTrip,7,LockTrip,https://coinmarketcal.com/coin/LockTrip
Lunes,7,Lunes,https://coinmarketcal.com/coin/Lunes
Lympo,4,Lympo,https://coinmarketcal.com/coin/Lympo
Maecenas,1,Maecenas,https://coinmarketcal.com/coin/Maecenas
Magnet,1,Magnet,https://coinmarketcal.com/coin/Magnet
Matchpool,1,Matchpool,https://coinmarketcal.com/coin/Matchpool
Matrix AI Network,2,Matrix AI Network,https://coinmarketcal.com/coin/Matrix-AI-Network
MediBloc [QRC20],3,MediBloc [QRC20],https://coinmarketcal.com/coin/MediBloc-[QRC20]
Medicalchain,3,Medicalchain,https://coinmarketcal.com/coin/Medicalchain
Metal,1,Metal,https://coinmarketcal.com/coin/Metal
Monero,1,Monero,https://coinmarketcal.com/coin/Monero
Monoeci,4,Monoeci,https://coinmarketcal.com/coin/Monoeci
Musicoin,2,Musicoin,https://coinmarketcal.com/coin/Musicoin
NAGA,2,NAGA,https://coinmarketcal.com/coin/NAGA
NANJCOIN,1,NANJCOIN,https://coinmarketcal.com/coin/NANJCOIN
NEM,2,NEM,https://coinmarketcal.com/coin/NEM
NaPoleonX,1,NaPoleonX,https://coinmarketcal.com/coin/NaPoleonX
Neblio,3,Neblio,https://coinmarketcal.com/coin/Neblio
Nebulas,1,Nebulas,https://coinmarketcal.com/coin/Nebulas
Nexo,1,Nexo,https://coinmarketcal.com/coin/Nexo
Nexty,1,Nexty,https://coinmarketcal.com/coin/Nexty
Nexus,1,Nexus,https://coinmarketcal.com/coin/Nexus
NoLimitCoin,1,NoLimitCoin,https://coinmarketcal.com/coin/NoLimitCoin
Nodium,3,Nodium,https://coinmarketcal.com/coin/Nodium
Nucleus Vision,7,Nucleus Vision,https://coinmarketcal.com/coin/Nucleus-Vision
Nuls,2,Nuls,https://coinmarketcal.com/coin/Nuls
Nxt,1,Nxt,https://coinmarketcal.com/coin/Nxt
Odyssey,4,Odyssey,https://coinmarketcal.com/coin/Odyssey
On.Live,2,On.Live,https://coinmarketcal.com/coin/On.Live
Open Trading Network,1,Open Trading Network,https://coinmarketcal.com/coin/Open-Trading-Network
OriginTrail,1,OriginTrail,https://coinmarketcal.com/coin/OriginTrail
Oxycoin,1,Oxycoin,https://coinmarketcal.com/coin/Oxycoin
Oyster,1,Oyster,https://coinmarketcal.com/coin/Oyster
PIVX,5,PIVX,https://coinmarketcal.com/coin/PIVX
POA Network,1,POA Network,https://coinmarketcal.com/coin/POA-Network
PROUD Money,1,PROUD Money,https://coinmarketcal.com/coin/PROUD-Money
Payfair,1,Payfair,https://coinmarketcal.com/coin/Payfair
Paymon,2,Paymon,https://coinmarketcal.com/coin/Paymon
Peculium,11,Peculium,https://coinmarketcal.com/coin/Peculium
Peony,1,Peony,https://coinmarketcal.com/coin/Peony
Phantasma,5,Phantasma,https://coinmarketcal.com/coin/Phantasma
Phore,1,Phore,https://coinmarketcal.com/coin/Phore
Po.et,4,Po.et,https://coinmarketcal.com/coin/Po.et
PolicyPal Network,2,PolicyPal Network,https://coinmarketcal.com/coin/PolicyPal-Network
PolySwarm,1,PolySwarm,https://coinmarketcal.com/coin/PolySwarm
Polymath,2,Polymath,https://coinmarketcal.com/coin/Polymath
Power Ledger,1,Power Ledger,https://coinmarketcal.com/coin/Power-Ledger
Proof,1,Proof,https://coinmarketcal.com/coin/Proof
Pundi X,9,Pundi X,https://coinmarketcal.com/coin/Pundi-X
QASH,2,QASH,https://coinmarketcal.com/coin/QASH
QLINK,2,QLINK,https://coinmarketcal.com/coin/QLINK
Quantstamp,1,Quantstamp,https://coinmarketcal.com/coin/Quantstamp
QuarkChain,2,QuarkChain,https://coinmarketcal.com/coin/QuarkChain
RChain,3,RChain,https://coinmarketcal.com/coin/RChain
REBL,2,REBL,https://coinmarketcal.com/coin/REBL
RED MWAT,2,RED MWAT,https://coinmarketcal.com/coin/RED-MWAT
Raiden Network Token,1,Raiden Network Token,https://coinmarketcal.com/coin/Raiden-Network-Token
Ravencoin,1,Ravencoin,https://coinmarketcal.com/coin/Ravencoin
RealChain,1,RealChain,https://coinmarketcal.com/coin/RealChain
Red Pulse,3,Red Pulse,https://coinmarketcal.com/coin/Red-Pulse
Request Network,2,Request Network,https://coinmarketcal.com/coin/Request-Network
Restart Energy MWAT,2,Restart Energy MWAT,https://coinmarketcal.com/coin/Restart-Energy-MWAT
Rupaya,2,Rupaya,https://coinmarketcal.com/coin/Rupaya
SALT,1,SALT,https://coinmarketcal.com/coin/SALT
SCRIV NETWORK,1,SCRIV NETWORK,https://coinmarketcal.com/coin/SCRIV-NETWORK
SIRIN LABS Token,1,SIRIN LABS Token,https://coinmarketcal.com/coin/SIRIN-LABS-Token
SONM,1,SONM,https://coinmarketcal.com/coin/SONM
STK,1,STK,https://coinmarketcal.com/coin/STK
Safe Exchange Coin,1,Safe Exchange Coin,https://coinmarketcal.com/coin/Safe-Exchange-Coin
Sapien,3,Sapien,https://coinmarketcal.com/coin/Sapien
Seele,6,Seele,https://coinmarketcal.com/coin/Seele
Selfkey,4,Selfkey,https://coinmarketcal.com/coin/Selfkey
Sentinel Chain,1,Sentinel Chain,https://coinmarketcal.com/coin/Sentinel-Chain
Sharder,2,Sharder,https://coinmarketcal.com/coin/Sharder
ShareX,3,ShareX,https://coinmarketcal.com/coin/ShareX
Shift,3,Shift,https://coinmarketcal.com/coin/Shift
ShipChain,1,ShipChain,https://coinmarketcal.com/coin/ShipChain
Siacoin,1,Siacoin,https://coinmarketcal.com/coin/Siacoin
Silent Notary,1,Silent Notary,https://coinmarketcal.com/coin/Silent-Notary
SingularityNET,2,SingularityNET,https://coinmarketcal.com/coin/SingularityNET
Skycoin,1,Skycoin,https://coinmarketcal.com/coin/Skycoin
Smartlands,1,Smartlands,https://coinmarketcal.com/coin/Smartlands
Solar DAO,1,Solar DAO,https://coinmarketcal.com/coin/Solar-DAO
SophiaTX,1,SophiaTX,https://coinmarketcal.com/coin/SophiaTX
SpaceChain,1,SpaceChain,https://coinmarketcal.com/coin/SpaceChain
Sparks,9,Sparks,https://coinmarketcal.com/coin/Sparks
Stakenet,12,Stakenet,https://coinmarketcal.com/coin/Stakenet
Stellar,5,Stellar,https://coinmarketcal.com/coin/Stellar
Stellar Holdings,3,Stellar Holdings,https://coinmarketcal.com/coin/Stellar-Holdings
Stipend,1,Stipend,https://coinmarketcal.com/coin/Stipend
Storm,1,Storm,https://coinmarketcal.com/coin/Storm
Stratis,1,Stratis,https://coinmarketcal.com/coin/Stratis
Streamr DATAcoin,1,Streamr DATAcoin,https://coinmarketcal.com/coin/Streamr-DATAcoin
Substratum,1,Substratum,https://coinmarketcal.com/coin/Substratum
Sugar Exchange,1,Sugar Exchange,https://coinmarketcal.com/coin/Sugar-Exchange
Sumokoin,1,Sumokoin,https://coinmarketcal.com/coin/Sumokoin
SunContract,2,SunContract,https://coinmarketcal.com/coin/SunContract
Switcheo,2,Switcheo,https://coinmarketcal.com/coin/Switcheo
SyncFab,2,SyncFab,https://coinmarketcal.com/coin/SyncFab
Synereo,1,Synereo,https://coinmarketcal.com/coin/Synereo
Syscoin,1,Syscoin,https://coinmarketcal.com/coin/Syscoin
TE-FOOD,6,TE-FOOD,https://coinmarketcal.com/coin/TE-FOOD
THEKEY,1,THEKEY,https://coinmarketcal.com/coin/THEKEY
TRON,2,TRON,https://coinmarketcal.com/coin/TRON
Telcoin,2,Telcoin,https://coinmarketcal.com/coin/Telcoin
TeslaCoin,1,TeslaCoin,https://coinmarketcal.com/coin/TeslaCoin
Tezos,1,Tezos,https://coinmarketcal.com/coin/Tezos
The Abyss,3,The Abyss,https://coinmarketcal.com/coin/The-Abyss
The Cypherfunks,1,The Cypherfunks,https://coinmarketcal.com/coin/The-Cypherfunks
Theta Token,3,Theta Token,https://coinmarketcal.com/coin/Theta-Token
Titanium BAR,2,Titanium BAR,https://coinmarketcal.com/coin/Titanium-BAR
TokenPay,1,TokenPay,https://coinmarketcal.com/coin/TokenPay
Tokenomy,4,Tokenomy,https://coinmarketcal.com/coin/Tokenomy
TomoChain,2,TomoChain,https://coinmarketcal.com/coin/TomoChain
Trade Token,1,Trade Token,https://coinmarketcal.com/coin/Trade-Token
U Network,2,U Network,https://coinmarketcal.com/coin/U-Network
UTRUST,4,UTRUST,https://coinmarketcal.com/coin/UTRUST
Ubiq,3,Ubiq,https://coinmarketcal.com/coin/Ubiq
UpToken,1,UpToken,https://coinmarketcal.com/coin/UpToken
VIBE,3,VIBE,https://coinmarketcal.com/coin/VIBE
Vcash,2,Vcash,https://coinmarketcal.com/coin/Vcash
VeChain,1,VeChain,https://coinmarketcal.com/coin/VeChain
Velox,3,Velox,https://coinmarketcal.com/coin/Velox
Verge,1,Verge,https://coinmarketcal.com/coin/Verge
Voise,2,Voise,https://coinmarketcal.com/coin/Voise
Vsync,2,Vsync,https://coinmarketcal.com/coin/Vsync
WAX,8,WAX,https://coinmarketcal.com/coin/WAX
Wanchain,3,Wanchain,https://coinmarketcal.com/coin/Wanchain
WandX,1,WandX,https://coinmarketcal.com/coin/WandX
Waves,2,Waves,https://coinmarketcal.com/coin/Waves
WePower,8,WePower,https://coinmarketcal.com/coin/WePower
XRP,1,XRP,https://coinmarketcal.com/coin/XRP
XTRADE,3,XTRADE,https://coinmarketcal.com/coin/XTRADE
ZClassic,1,ZClassic,https://coinmarketcal.com/coin/ZClassic
ZCoin,1,ZCoin,https://coinmarketcal.com/coin/ZCoin
Zap,1,Zap,https://coinmarketcal.com/coin/Zap
Zcash,1,Zcash,https://coinmarketcal.com/coin/Zcash
Zebi,2,Zebi,https://coinmarketcal.com/coin/Zebi
Zeepin,1,Zeepin,https://coinmarketcal.com/coin/Zeepin
Zilliqa,2,Zilliqa,https://coinmarketcal.com/coin/Zilliqa
aXpire,1,aXpire,https://coinmarketcal.com/coin/aXpire
aelf,1,aelf,https://coinmarketcal.com/coin/aelf
carVertical,2,carVertical,https://coinmarketcal.com/coin/carVertical
eBoost,1,eBoost,https://coinmarketcal.com/coin/eBoost
eosDAC,1,eosDAC,https://coinmarketcal.com/coin/eosDAC
iExec RLC,2,iExec RLC,https://coinmarketcal.com/coin/iExec-RLC
